,Avg. Stationary Phase,Avg. Growth in Media,Avg. Media and Ampicillin
count,4359.0,4359.0,4359.0
mean,23.30771354286151,3193.121513344039,5759.521294639443
std,183.15657541311322,15537.988270022717,66030.71764062037
min,0.0,0.0,0.0
25%,3.6666666666666665,512.8333333333334,478.58333333333337
50%,7.5,1065.8333333333333,1106.5
75%,14.833333333333334,2070.5833333333335,2768.6666666666665
max,10034.666666666666,753163.0,4010489.3333333335
